stim_onset, stim_duration, trial_num, trial_type, rt, choice
[10.087787866592407, 20.14579486846924, 30.162385940551758, 40.18201494216919, 50.20968699455261, 70.27934002876282, 80.329421043396, 90.34744191169739, 100.3785400390625, 110.39755606651306, 130.48351502418518, 140.5350489616394, 150.55975484848022, 160.57953095436096, 170.60593795776367, 190.69294786453247, 200.7485020160675, 210.76067090034485, 220.79199385643005, 230.81055903434753, 250.8912959098816, 260.9414789676666, 270.96037197113037, 280.985857963562, 291.0085470676422, 311.0890169143677, 321.13886404037476, 331.1581678390503, 341.18805503845215, 351.20680689811707, 371.2878839969635, 381.3380410671234, 391.3562910556793, 401.38546895980835, 411.4055700302124, 431.48607087135315, 441.5361440181732, 451.5536239147186, 461.5858209133148, 471.604012966156]
[2.025412082672119, 1.0172150135040283, 0.8837220668792725, 2.76373291015625, 1.3944039344787598, 2.023336887359619, 1.799621820449829, 0.7725851535797119, 0.9649658203125, 1.7787468433380127, 2.0269999504089355, 1.115325927734375, 0.8898220062255859, 1.3183619976043701, 0.4030640125274658, 2.023012161254883, 0.5847458839416504, 0.3976161479949951, 0.5160171985626221, 0.4969899654388428, 2.0231571197509766, 0.48853492736816406, 0.5357460975646973, 0.6362380981445312, 0.3235619068145752, 2.023261070251465, 0.7081568241119385, 1.0351271629333496, 0.5058059692382812, 1.0306971073150635, 2.0228469371795654, 0.8641378879547119, 0.6793580055236816, 0.523076057434082, 0.5197899341583252, 2.0233311653137207, 4.516364812850952, 0.6528570652008057, 0.3981499671936035, 0.4533500671386719]
[0, 1, 2, 3, 4, 5, 6, 7]
['Sex', 'Sex', 'Family', 'Sex', 'Family', 'Family', 'Family', 'Family']
[0.9964909553527832, 0.8592720031738281, 2.737502098083496, 1.3728299140930176, 1.7756860256195068, 0.7511489391326904, 0.9383819103240967, 1.7516868114471436, 1.0922150611877441, 0.8669748306274414, 1.2949471473693848, 0.3758089542388916, 0.5632708072662354, 0.37183499336242676, 0.4947378635406494, 0.4756810665130615, 0.465778112411499, 0.5125570297241211, 0.6141090393066406, 0.3009788990020752, 0.6869800090789795, 1.010819911956787, 0.4822390079498291, 1.004357099533081, 0.8456270694732666, 0.653249979019165, 0.49899816513061523, 0.4961709976196289, 4.493293046951294, 0.6294140815734863, 0.37520289421081543, 0.42990708351135254]
[76, 76, 82, 76, 76, 82, 82, 82, 76, 82, 82, 76, 82, 76, 82, 76, 76, 76, 82, 76, 76, 82, 76, 76, 76, 82, 76, 82, 76, 76, 82, 76]
